{"pattern_9": {"0": {"motor1": {"rad": 0.0, "speed": 1.0}, "motor2": {"rad": 0.9913350939750671, "speed": 1.0}, "motor3": {"rad": 0.0, "speed": 1.0}}, "4": {"motor1": {"rad": 0.18944668769836426, "speed": 1.0}, "motor2": {"rad": 0.5012282133102417, "speed": 1.0}, "motor3": {"rad": 0.6043884754180908, "speed": 1.0}}, "3": {"motor1": {"rad": -1.031602144241333, "speed": 1.0}, "motor2": {"rad": 0.5027621984481812, "speed": 1.0}, "motor3": {"rad": 0.6043884754180908, "speed": 1.0}}, "5": {"motor1": {"rad": 0.14189326763153076, "speed": 1.0}, "motor2": {"rad": 0.9978545308113098, "speed": 1.0}, "motor3": {"rad": -0.0015339851379394531, "speed": 1.0}}, "1": {"motor1": {"rad": 0.0003834962844848633, "speed": 1.0}, "motor2": {"rad": 1.0001554489135742, "speed": 1.0}, "motor3": {"rad": 6.240617752075195, "speed": 1.0}}, "2": {"motor1": {"rad": 1.0672670602798462, "speed": 1.0}, "motor2": {"rad": 0.5062136650085449, "speed": 1.0}, "motor3": {"rad": 5.469792366027832, "speed": 1.0}}}, "pattern_2": {"1": {"motor1": {"rad": 2.1494905948638916, "speed": 1.0}, "motor2": {"rad": 1.2252671718597412, "speed": 1.0}, "motor3": {"rad": 2.999699592590332, "speed": 1.0}}, "0": {"motor1": {"rad": 0.8229807019233704, "speed": 1.0}, "motor2": {"rad": 0.9119516015052795, "speed": 1.0}, "motor3": {"rad": 1.3606410026550293, "speed": 1.0}}, "2": {"motor1": {"rad": 0.6051554083824158, "speed": 1.0}, "motor2": {"rad": 0.8383205533027649, "speed": 1.0}, "motor3": {"rad": 2.7124617099761963, "speed": 1.0}}}, "0": {"1": {"motor1": {"rad": 0.02262621745467186, "speed": 1.0}, "motor2": {"rad": 0.014572817832231522, "speed": 1.0}, "motor3": {"rad": 0.011888351291418076, "speed": 1.0}}, "2": {"motor1": {"rad": 1.9934080839157104, "speed": 1.0}, "motor2": {"rad": 1.6402089595794678, "speed": 1.0}, "motor3": {"rad": 4.000621795654297, "speed": 1.0}}, "3": {"motor1": {"rad": -2.0003108978271484, "speed": 1.0}, "motor2": {"rad": 0.014572817832231522, "speed": 1.0}, "motor3": {"rad": 5.991345405578613, "speed": 1.0}}}, "pattern_4": {"1": {"motor1": {"rad": 1.470320701599121, "speed": 1.0}, "motor2": {"rad": 0.7715923190116882, "speed": 1.0}, "motor3": {"rad": 5.12541389465332, "speed": 1.0}}, "0": {"motor1": {"rad": 0.013805866241455078, "speed": 1.0}, "motor2": {"rad": -0.10200977325439453, "speed": 1.0}, "motor3": {"rad": 0.009587526321411133, "speed": 1.0}}, "2": {"motor1": {"rad": -1.0565292835235596, "speed": 1.0}, "motor2": {"rad": -0.09932529926300049, "speed": 1.0}, "motor3": {"rad": 1.6306216716766357, "speed": 1.0}}, "3": {"motor1": {"rad": -0.026077747344970703, "speed": 1.0}, "motor2": {"rad": -0.10661172866821289, "speed": 1.0}, "motor3": {"rad": 0.013038873672485352, "speed": 1.0}}}, "pattern_3": {"1": {"motor1": {"rad": 2.2284905910491943, "speed": 1.0}, "motor2": {"rad": 0.5775437951087952, "speed": 1.0}, "motor3": {"rad": 4.376063823699951, "speed": 1.0}}, "0": {"motor1": {"rad": 1.3479856252670288, "speed": 1.0}, "motor2": {"rad": 0.13192234933376312, "speed": 1.0}, "motor3": {"rad": 2.8171558380126953, "speed": 1.0}}, "2": {"motor1": {"rad": 0.3934660851955414, "speed": 1.0}, "motor2": {"rad": 0.1480291485786438, "speed": 1.0}, "motor3": {"rad": 0.9418642520904541, "speed": 1.0}}}, "pattern_7": {"0": {"motor1": {"rad": 0.3773592710494995, "speed": 1.0}, "motor2": {"rad": 0.6174273490905762, "speed": 1.0}, "motor3": {"rad": 2.5046072006225586, "speed": 1.0}}, "4": {"motor1": {"rad": 0.865165114402771, "speed": 1.0}, "motor2": {"rad": 0.10392725467681885, "speed": 1.0}, "motor3": {"rad": 2.5069081783294678, "speed": 1.0}}, "3": {"motor1": {"rad": 0.7489660978317261, "speed": 1.0}, "motor2": {"rad": 1.1159710884094238, "speed": 1.0}, "motor3": {"rad": 2.5069081783294678, "speed": 1.0}}, "5": {"motor1": {"rad": -0.485121488571167, "speed": 1.0}, "motor2": {"rad": 0.6761020421981812, "speed": 1.0}, "motor3": {"rad": 2.5065245628356934, "speed": 1.0}}, "1": {"motor1": {"rad": -0.8904759883880615, "speed": 1.0}, "motor2": {"rad": 0.6189613342285156, "speed": 1.0}, "motor3": {"rad": 2.5053741931915283, "speed": 1.0}}, "2": {"motor1": {"rad": -0.009203910827636719, "speed": 1.0}, "motor2": {"rad": 0.2124563455581665, "speed": 1.0}, "motor3": {"rad": 2.5065245628356934, "speed": 1.0}}}, "pattern_10": {"28": {"motor1": {"rad": -1.4687867164611816, "speed": 1.0}, "motor2": {"rad": 0.6744126081466675, "speed": 1.0}, "motor3": {"rad": 2.997781991958618, "speed": 1.0}}, "8": {"motor1": {"rad": 1.4753059148788452, "speed": 1.0}, "motor2": {"rad": 0.9463106989860535, "speed": 1.0}, "motor3": {"rad": 2.055534601211548, "speed": 1.0}}, "21": {"motor1": {"rad": -1.470320701599121, "speed": 1.0}, "motor2": {"rad": 0.5167960524559021, "speed": 1.0}, "motor3": {"rad": 0.8417720794677734, "speed": 1.0}}, "35": {"motor1": {"rad": 0.5460971593856812, "speed": 1.0}, "motor2": {"rad": 1.2254952192306519, "speed": 1.0}, "motor3": {"rad": 1.0108933448791504, "speed": 1.0}}, "11": {"motor1": {"rad": -0.8808885216712952, "speed": 1.0}, "motor2": {"rad": 0.1532425880432129, "speed": 1.0}, "motor3": {"rad": 4.004840850830078, "speed": 1.0}}, "5": {"motor1": {"rad": -0.19251465797424316, "speed": 1.0}, "motor2": {"rad": 0.44316497445106506, "speed": 1.0}, "motor3": {"rad": 2.7991316318511963, "speed": 1.0}}, "32": {"motor1": {"rad": -0.4701651334762573, "speed": 1.0}, "motor2": {"rad": 1.2477378845214844, "speed": 1.0}, "motor3": {"rad": 3.4062044620513916, "speed": 1.0}}, "27": {"motor1": {"rad": 0.855577826499939, "speed": 1.0}, "motor2": {"rad": 1.237766981124878, "speed": 1.0}, "motor3": {"rad": 3.4537580013275146, "speed": 1.0}}, "25": {"motor1": {"rad": 1.4684032201766968, "speed": 1.0}, "motor2": {"rad": 0.4776795506477356, "speed": 1.0}, "motor3": {"rad": 2.5372045040130615, "speed": 1.0}}, "19": {"motor1": {"rad": -1.4028254747390747, "speed": 1.0}, "motor2": {"rad": 1.5261554718017578, "speed": 1.0}, "motor3": {"rad": 4.194287300109863, "speed": 1.0}}, "20": {"motor1": {"rad": -1.459582805633545, "speed": 1.0}, "motor2": {"rad": 1.5234708786010742, "speed": 1.0}, "motor3": {"rad": 1.3805828094482422, "speed": 1.0}}, "16": {"motor1": {"rad": -1.1401312351226807, "speed": 1.0}, "motor2": {"rad": 0.4374125599861145, "speed": 1.0}, "motor3": {"rad": 3.6746509075164795, "speed": 1.0}}, "4": {"motor1": {"rad": -1.4580488204956055, "speed": 1.0}, "motor2": {"rad": 0.9758398532867432, "speed": 1.0}, "motor3": {"rad": 2.798748254776001, "speed": 1.0}}, "34": {"motor1": {"rad": 0.4728494882583618, "speed": 1.0}, "motor2": {"rad": 1.0533058643341064, "speed": 1.0}, "motor3": {"rad": 1.0108933448791504, "speed": 1.0}}, "22": {"motor1": {"rad": -1.288543939590454, "speed": 1.0}, "motor2": {"rad": 0.4937863349914551, "speed": 1.0}, "motor3": {"rad": 1.9063546657562256, "speed": 1.0}}, "7": {"motor1": {"rad": -0.18637871742248535, "speed": 1.0}, "motor2": {"rad": 0.23185911774635315, "speed": 1.0}, "motor3": {"rad": 1.8204517364501953, "speed": 1.0}}, "29": {"motor1": {"rad": -0.531140923500061, "speed": 1.0}, "motor2": {"rad": 0.6698106527328491, "speed": 1.0}, "motor3": {"rad": 2.4102675914764404, "speed": 1.0}}, "31": {"motor1": {"rad": 1.4730051755905151, "speed": 1.0}, "motor2": {"rad": 0.15055814385414124, "speed": 1.0}, "motor3": {"rad": 4.27443790435791, "speed": 1.0}}, "30": {"motor1": {"rad": 0.5629709959030151, "speed": 1.0}, "motor2": {"rad": 0.6671261787414551, "speed": 1.0}, "motor3": {"rad": 2.411034345626831, "speed": 1.0}}, "38": {"motor1": {"rad": 0.059058189392089844, "speed": 1.0}, "motor2": {"rad": 1.3102476596832275, "speed": 1.0}, "motor3": {"rad": 5.715229034423828, "speed": 1.0}}, "36": {"motor1": {"rad": -0.07708251476287842, "speed": 1.0}, "motor2": {"rad": 1.0003834962844849, "speed": 1.0}, "motor3": {"rad": 3.328355073928833, "speed": 1.0}}, "33": {"motor1": {"rad": -0.4701651334762573, "speed": 1.0}, "motor2": {"rad": 1.5882816314697266, "speed": 1.0}, "motor3": {"rad": 1.0296847820281982, "speed": 1.0}}, "0": {"motor1": {"rad": 0.021859169006347656, "speed": 1.0},